"","estimate","std.error","statistic","p.value","name","value","common_name"
"1",0.730727281356511,0.0718412477185338,10.1714169027161,2.71494042559844e-15,"term","(Intercept)","Eastern Wood-Pewee"
"2",-0.221900599162117,0.100492108802869,-2.20813954255264,0.0306099732880707,"term","Distance50m","Eastern Wood-Pewee"
"3",-1.75975632984143,1.01722487391765,-1.72995802104609,0.0881744531786606,"term","mean_noise","Eastern Wood-Pewee"
"4",0.215644572496651,1.49806951871837,0.143948308007188,0.88596704406855,"term","Distance50m:mean_noise","Eastern Wood-Pewee"
