"","estimate","std.error","statistic","p.value","name","value","common_name"
"1",0.806992033399793,0.0606171988141487,13.3129218965399,2.50004163356912e-21,"term","(Intercept)","Blue-gray Gnatcatcher"
"2",-0.192503360939078,0.0840083769509999,-2.29147815879553,0.0247830538516435,"term","Distance50m","Blue-gray Gnatcatcher"
"3",-0.931772427032687,0.886160144243986,-1.0514718282976,0.29646351095727,"term","mean_noise","Blue-gray Gnatcatcher"
"4",-2.04528277469505,1.30856493489392,-1.56299677620573,0.122320068946783,"term","Distance50m:mean_noise","Blue-gray Gnatcatcher"
