"site","jd","cicadaIndex"
"eno",143,0.0775018086076804
"jmill",143,0.143014889305747
"ncbg",143,0.0550350729451112
"unc",143,0.0462206704247955
"pridge",143,0.01456446354186
